{
  "dataset": "combined",
  "n_train": 46097,
  "n_test": 11525,
  "n_valid": 0,
  "feature_dim": 550000,
  "models": {
    "logreg": {
      "metrics": {
        "accuracy": 0.9072451193058568,
        "precision": 0.895346855292313,
        "recall": 0.9202873160476525,
        "f1": 0.907645788336933,
        "roc_auc": 0.9799344561809809,
        "avg_precision": 0.9802022837330537
      },
      "confusion_matrix": [
        [
          5203,
          614
        ],
        [
          455,
          5253
        ]
      ],
      "classification_report": {
        "0": {
          "precision": 0.9195828914810887,
          "recall": 0.8944473096097645,
          "f1-score": 0.9068409586056645,
          "support": 5817.0
        },
        "1": {
          "precision": 0.895346855292313,
          "recall": 0.9202873160476525,
          "f1-score": 0.907645788336933,
          "support": 5708.0
        },
        "accuracy": 0.9072451193058568,
        "macro avg": {
          "precision": 0.9074648733867008,
          "recall": 0.9073673128287085,
          "f1-score": 0.9072433734712988,
          "support": 11525.0
        },
        "weighted avg": {
          "precision": 0.907579481974318,
          "recall": 0.9072451193058568,
          "f1-score": 0.9072395675519622,
          "support": 11525.0
        }
      },
      "top_features": {
        "positive_real": [
          [
            "word_body:reuters",
            211.2466728475956
          ],
          [
            "char_body: - ",
            206.963166809707
          ],
          [
            "char_body:’s ",
            69.7064712148198
          ],
          [
            "char_body:) -",
            34.086622146079044
          ],
          [
            "word_body:minister",
            14.062620541475562
          ],
          [
            "char_body:s) - ",
            10.732782201826367
          ],
          [
            "char_body:s) ",
            7.723083122554148
          ],
          [
            "word_body:region",
            6.883772225668692
          ],
          [
            "char_body:...",
            6.268137514460592
          ],
          [
            "word_body:than",
            6.141637088834791
          ],
          [
            "word_body:since",
            5.161021968513658
          ],
          [
            "word_title:factbox",
            5.034141217888146
          ],
          [
            "word_body:he said",
            4.547837564319375
          ],
          [
            "word_body:the country",
            3.8041109417022856
          ],
          [
            "word_body:countries",
            3.7610406316953213
          ],
          [
            "word_body:said on",
            3.5470532098816916
          ],
          [
            "word_title:china",
            3.3919959599200697
          ],
          [
            "word_body:still",
            3.367159941112788
          ],
          [
            "char_body:mil",
            3.1252560022889786
          ],
          [
            "word_body:of",
            3.1095585534737356
          ],
          [
            "word_title:says",
            3.09358916951733
          ],
          [
            "word_body:georgia",
            3.069430350137144
          ],
          [
            "word_body:average",
            3.056561507431569
          ],
          [
            "word_body:in",
            2.9423094937733647
          ],
          [
            "word_body:day",
            2.920852978316326
          ],
          [
            "word_body:said",
            2.628465568335136
          ],
          [
            "word_body:cut",
            2.5946042302897983
          ],
          [
            "word_body:000",
            2.5698085840861604
          ],
          [
            "word_body:sen obama",
            2.5142227392230727
          ],
          [
            "word_body:terms",
            2.5037986293502374
          ]
        ],
        "negative_fake": [
          [
            "char_body: s ",
            -81.73500845297326
          ],
          [
            "char_body:.th",
            -75.19424263403266
          ],
          [
            "word_body:via",
            -55.34955948755274
          ],
          [
            "word_title:video",
            -32.932120944299015
          ],
          [
            "char_body:n t ",
            -23.938048035284865
          ],
          [
            "word_body:image",
            -21.764292237418008
          ],
          [
            "word_body:read more",
            -20.11285811680328
          ],
          [
            "char_body: t ",
            -19.34238008347087
          ],
          [
            "word_body:wire",
            -13.564989868586457
          ],
          [
            "word_title:breaking",
            -13.348512715279849
          ],
          [
            "word_title:hillary",
            -12.039312436332583
          ],
          [
            "char_body:.the ",
            -11.964056491671895
          ],
          [
            "word_body:com",
            -11.16798198049874
          ],
          [
            "word_title:the",
            -10.025788395211782
          ],
          [
            "word_title:trump",
            -8.475807545768268
          ],
          [
            "word_title:watch",
            -8.230203203656933
          ],
          [
            "word_body:news",
            -7.99113334336637
          ],
          [
            "word_title:obama",
            -7.314562083904278
          ],
          [
            "char_body:, 20",
            -7.0073426521128255
          ],
          [
            "word_title:us",
            -6.3856827820800985
          ],
          [
            "word_title:and",
            -6.28691260332336
          ],
          [
            "word_body:story",
            -6.280501426161566
          ],
          [
            "word_title:is",
            -5.743682741668017
          ],
          [
            "word_title:just",
            -5.329594969780712
          ],
          [
            "word_body:how",
            -5.314849739643722
          ],
          [
            "word_title:you",
            -5.258389432908015
          ],
          [
            "word_body:your",
            -4.850969321773714
          ],
          [
            "word_body:21wire",
            -4.8267864624839705
          ],
          [
            "word_title:to",
            -4.544985391464183
          ],
          [
            "word_title:boiler room",
            -4.4517176020677525
          ]
        ]
      }
    },
    "linear_svm": {
      "metrics": {
        "accuracy": 0.9116702819956616,
        "precision": 0.9036144578313253,
        "recall": 0.9197617379117029,
        "f1": 0.9116166001041848,
        "roc_auc": 0.9812410077077566,
        "avg_precision": 0.9812399689052396
      },
      "confusion_matrix": [
        [
          5257,
          560
        ],
        [
          458,
          5250
        ]
      ],
      "classification_report": {
        "0": {
          "precision": 0.9198600174978128,
          "recall": 0.9037304452466908,
          "f1-score": 0.9117238987166146,
          "support": 5817.0
        },
        "1": {
          "precision": 0.9036144578313253,
          "recall": 0.9197617379117029,
          "f1-score": 0.9116166001041848,
          "support": 5708.0
        },
        "accuracy": 0.9116702819956616,
        "macro avg": {
          "precision": 0.911737237664569,
          "recall": 0.9117460915791968,
          "f1-score": 0.9116702494103996,
          "support": 11525.0
        },
        "weighted avg": {
          "precision": 0.9118140604846838,
          "recall": 0.9116702819956616,
          "f1-score": 0.911670756809478,
          "support": 11525.0
        }
      },