{
  "dataset": "liar",
  "n_train": 10188,
  "n_test": 1268,
  "n_valid": 1278,
  "feature_dim": 98200,
  "models": {
    "logreg": {
      "metrics": {
        "accuracy": 0.6222397476340694,
        "precision": 0.6406976744186047,
        "recall": 0.7642163661581137,
        "f1": 0.6970271979759646,
        "roc_auc": 0.673495830237812,
        "avg_precision": 0.719245856559436
      },
      "confusion_matrix": [
        [
          238,
          309
        ],
        [
          170,
          551
        ]
      ],
      "classification_report": {
        "0": {
          "precision": 0.5833333333333334,
          "recall": 0.4351005484460695,
          "f1-score": 0.49842931937172785,
          "support": 547.0
        },
        "1": {
          "precision": 0.6406976744186047,
          "recall": 0.7642163661581137,
          "f1-score": 0.6970271979759646,
          "support": 721.0
        },
        "accuracy": 0.6222397476340694,
        "macro avg": {
          "precision": 0.612015503875969,
          "recall": 0.5996584573020916,
          "f1-score": 0.5977282586738462,
          "support": 1268.0
        },
        "weighted avg": {
          "precision": 0.6159513853226714,
          "recall": 0.6222397476340694,
          "f1-score": 0.6113544538146732,
          "support": 1268.0
        }
      },
      "top_features": {
        "positive_real": [
          [
            "word_body:than",
            1.1830908340149944
          ],
          [
            "word_body:more",
            0.9998835878468185
          ],
          [
            "word_body:since",
            0.9175366973943208
          ],
          [
            "word_body:of",
            0.8394394029231714
          ],
          [
            "word_body:and",
            0.7297134235910553
          ],
          [
            "word_body:000",
            0.7111720226758605
          ],
          [
            "word_body:percent",
            0.690783938472086
          ],
          [
            "word_body:day",
            0.6807662553673384
          ],
          [
            "word_body:georgia",
            0.6428600650738884
          ],
          [
            "word_body:he",
            0.6422409012995828
          ],
          [
            "word_body:countries",
            0.6312561445595812
          ],
          [
            "word_body:more than",
            0.616189879442948
          ],
          [
            "word_body:average",
            0.6049700283895099
          ],
          [
            "word_body:debt",
            0.5865615404046358
          ],
          [
            "word_body:three",
            0.5812242064447621
          ],
          [
            "word_body:times",
            0.5710039117937473
          ],
          [
            "word_body:has",
            0.5660365635380276
          ],
          [
            "word_body:still",
            0.5571503097861354
          ],
          [
            "word_body:million",
            0.5340601161936183
          ],
          [
            "word_body:american",
            0.5143865408789834
          ],
          [
            "word_body:half",
            0.5106088713075851
          ],
          [
            "word_body:every",
            0.5081738595248971
          ],
          [
            "word_body:percent of",
            0.5079485263150861
          ],
          [
            "word_body:of the",
            0.49145932923589325
          ],
          [
            "word_body:cut",
            0.4889451665107565
          ],
          [
            "word_body:60",
            0.4852943951270316
          ],
          [
            "word_body:in",
            0.47188271892930755
          ],
          [
            "word_body:ohio",
            0.44654766018858943
          ],
          [
            "word_body:up to",
            0.43803166267542976
          ],
          [
            "char_body:than",
            0.43311040540438783
          ]
        ],
        "negative_fake": [
          [
            "word_body:obama",
            -0.6986590423951802
          ],
          [
            "word_body:wisconsin",
            -0.6272923390931309
          ],
          [
            "word_body:your",
            -0.60524923606392
          ],
          [
            "word_body:to",
            -0.5940365857839448
          ],
          [
            "word_body:care",
            -0.5764573325340249
          ],
          [
            "word_body:will",
            -0.5525127457439877
          ],
          [
            "word_body:america",
            -0.5508610972332366
          ],
          [
            "word_body:obamacare",
            -0.5470404704134585
          ],
          [
            "word_body:walker",
            -0.5466792694276338
          ],
          [
            "word_body:scott walker",
            -0.5398865966070325
          ],
          [
            "word_body:says",
            -0.4982804004312501
          ],
          [
            "word_body:rep",
            -0.4927173325117729
          ],
          [
            "word_body:no",
            -0.49267126938162403
          ],
          [
            "word_body:plan",
            -0.48518098206478427
          ],
          [
            "word_body:government",
            -0.48239829715293797
          ],
          [
            "word_body:care law",
            -0.4815076550426744
          ],
          [
            "word_body:white",
            -0.4771669456581004
          ],
          [
            "word_body:stimulus",
            -0.47201858559371973
          ],
          [
            "word_body:scott",
            -0.46582297815135215
          ],
          [
            "word_body:be",
            -0.46315977868938
          ],
          [
            "char_body:ama",
            -0.4622997605488709
          ],
          [
            "word_body:has been",
            -0.45163776365222036
          ],
          [
            "word_body:president",
            -0.44338939797041377
          ],
          [
            "char_body:car",
            -0.44075008327809667
          ],
          [
            "word_body:obamas",
            -0.43773992838349407
          ],
          [
            "word_body:is",
            -0.43748480171394877
          ],
          [
            "word_body:them",
            -0.42450710150130105
          ],
          [
            "char_body:obama",
            -0.4242751249485216
          ],
          [
            "char_body:obam",
            -0.4242751249485216
          ],
          [
            "char_body:oba",
            -0.4220946126133844
          ]
        ]
      }
    },
    "linear_svm": {
      "metrics": {
        "accuracy": 0.6317034700315457,
        "precision": 0.6449771689497716,
        "recall": 0.7836338418862691,
        "f1": 0.7075767063243582,
        "roc_auc": 0.6722863583231699,
        "avg_precision": 0.720221956776065
      },
      "confusion_matrix": [
        [
          236,
          311
        ],
        [
          156,
          565
        ]
      ],
      "classification_report": {
        "0": {
          "precision": 0.6020408163265306,
          "recall": 0.43144424131627057,
          "f1-score": 0.5026624068157615,
          "support": 547.0
        },
        "1": {
          "precision": 0.6449771689497716,
          "recall": 0.7836338418862691,
          "f1-score": 0.7075767063243582,
          "support": 721.0
        },
        "accuracy": 0.6317034700315457,
        "macro avg": {
          "precision": 0.6235089926381512,
          "recall": 0.6075390416012698,
          "f1-score": 0.6051195565700598,
          "support": 1268.0
        },
        "weighted avg": {
          "precision": 0.6264549411225533,
          "recall": 0.6317034700315457,
          "f1-score": 0.6191791339022743,
          "support": 1268.0
        }
      },