variant,n,accuracy,precision,recall,f1,roc_auc,avg_precision
clean,8978,0.9998886166184006,0.9997666277712952,1.0,0.9998833002684094,0.9999997513563017,0.9999997274962299
typos_0.01,8978,0.9998886166184006,0.9997666277712952,1.0,0.9998833002684094,0.9999998010850413,0.9999997820224397
truncate_1000,8978,0.9997772332368011,0.9997665732959851,0.9997665732959851,0.9997665732959851,0.9999997513563017,0.9999997276615379
typos_0.02,8978,0.9996658498552016,0.999766518795237,0.9995331465919701,0.9996498190731878,0.999999552441343,0.9999995092639336
truncate_2000,8978,0.9995544664736021,0.9990671641791045,1.0,0.9995333644423705,0.999999552441343,0.9999995093912482
body_only,8978,0.9994430830920027,0.9988342270925624,1.0,0.9994167735915082,0.9999988562389875,0.9999987460602873
truncate_500,8978,0.9993316997104033,0.9995329285380663,0.9990662931839402,0.999299556385711,0.999999552441343,0.9999995096458414
title_only,8978,0.5229449766094899,1.0,0.00023342670401493932,0.0004667444574095683,0.9828966453787878,0.9812798912636631
